participant,ABS,Ave Cash in RT,Ave Pump RT,COT
2,30.88888888888889,6.279790586622195,0.890545606488884,7.051621546235297
5,29.3,31.188507771224995,24.501193070514997,1.2729383292259995